INSERT INTO users VALUES ('darren@gmail.com', '123123', 'Darren', 'TRUE');
INSERT INTO users(u_email, u_password, u_name) VALUES ('david@gmail.com', '123123', 'David');
INSERT INTO users(u_email, u_password, u_name) VALUES ('john@gmail.com', '123123', 'John');
INSERT INTO users(u_email, u_password, u_name) VALUES ('luke@gmail.com', '123123', 'Luke');
INSERT INTO users(u_email, u_password, u_name) VALUES ('james@gmail.com', '123123', 'James');
INSERT INTO users(u_email, u_password, u_name) VALUES ('melissa@gmail.com', '123123', 'Melissa');
INSERT INTO users(u_email, u_password, u_name) VALUES ('jane@gmail.com', '123123', 'Jane');
INSERT INTO users(u_email, u_password, u_name) VALUES ('vanessa@gmail.com', '123123', 'Vanessa');
INSERT INTO users(u_email, u_password, u_name) VALUES ('amelia@gmail.com', '123123', 'Ivan');
INSERT INTO users(u_email, u_password, u_name) VALUES ('rachel@gmail.com', '123123', 'Rachel');
INSERT INTO users(u_email, u_password, u_name) VALUES ('bobby@gmail.com', '123123', 'Bobby');
INSERT INTO users(u_email, u_password, u_name) VALUES ('stephane@gmail.com', '123123', 'Stephane');
INSERT INTO users(u_email, u_password, u_name) VALUES ('mary@gmail.com', '123123', 'Mary');
INSERT INTO users(u_email, u_password, u_name) VALUES ('jack@gmail.com', '123123', 'Jack');
INSERT INTO users(u_email, u_password, u_name) VALUES ('alex@gmail.com', '123123', 'Alex');
INSERT INTO users(u_email, u_password, u_name) VALUES ('jamie@gmail.com', '123123', 'Jamie');
INSERT INTO users(u_email, u_password, u_name) VALUES ('linda@gmail.com', '123123', 'Linda');
INSERT INTO users(u_email, u_password, u_name) VALUES ('lilly@gmail.com', '123123', 'Lilly');
INSERT INTO users(u_email, u_password, u_name) VALUES ('joyce@gmail.com', '123123', 'Joyce');
INSERT INTO users(u_email, u_password, u_name) VALUES ('jayden@gmail.com', '123123', 'Jayden');
INSERT INTO users(u_email, u_password, u_name) VALUES ('ivan@gmail.com', '123123', 'Ivan');
INSERT INTO users(u_email, u_password, u_name) VALUES ('gerald@gmail.com', '123123', 'Gerald');
INSERT INTO users(u_email, u_password, u_name) VALUES ('bryan@gmail.com', '123123', 'Bryan');
INSERT INTO users(u_email, u_password, u_name) VALUES ('stephanie@gmail.com', '123123', 'Stephanie');
INSERT INTO users(u_email, u_password, u_name) VALUES ('henry@gmail.com', '123123', 'Henry');
INSERT INTO users(u_email, u_password, u_name) VALUES ('claire@gmail.com', '123123', 'Claire');
INSERT INTO users(u_email, u_password, u_name) VALUES ('madeline@gmail.com', '123123', 'Madeline');
INSERT INTO users(u_email, u_password, u_name) VALUES ('joanna@gmail.com', '123123', 'Joanna');
INSERT INTO users(u_email, u_password, u_name) VALUES ('jordan@gmail.com', '123123', 'Jordan');
INSERT INTO users(u_email, u_password, u_name) VALUES ('debbie@gmail.com', '123123', 'Debbie');

INSERT INTO drivers VALUES('SAA4231A', 'david@gmail.com', 'Mazda', '3');
INSERT INTO drivers VALUES('SBE6581I', 'darren@gmail.com', 'Honda', 'Vezel');
INSERT INTO drivers VALUES('SKK2261Q', 'john@gmail.com', 'Honda', 'Vezel');
INSERT INTO drivers VALUES('SJQ9238J', 'luke@gmail.com', 'Toyota', 'Altis');
INSERT INTO drivers VALUES('SRY1153J', 'james@gmail.com', 'Hyundai', 'Avante');
INSERT INTO drivers VALUES('SGY3461Q', 'mary@gmail.com', 'Bentley', 'Continental');
INSERT INTO drivers VALUES('SPR385I', 'linda@gmail.com', 'Proton', 'Saga');
INSERT INTO drivers VALUES('SHR3298F', 'jane@gmail.com', 'BMW', 'i8');
INSERT INTO drivers VALUES('SDY8371T', 'rachel@gmail.com', 'Tesla', 'Roadster');
INSERT INTO drivers VALUES('SPV2582D', 'stephane@gmail.com', 'Nissan', 'GTR');

INSERT INTO rides(c_plate, r_date, r_time, r_origin, r_destination) VALUES('SAA4231A', '2018-11-07', '16:00', 'Suntec City', 'COM 1, NUS');
INSERT INTO rides(c_plate, r_date, r_time, r_origin, r_destination) VALUES('SKK2261Q', '2018-11-08', '16:15', 'Junction 8', 'BIZ, NUS');
INSERT INTO rides(c_plate, r_date, r_time, r_origin, r_destination) VALUES('SRY1153J', '2018-11-08', '16:40', 'COM 1, NUS', 'Changi Airport T3');
INSERT INTO rides(c_plate, r_date, r_time, r_origin, r_destination) VALUES('SJQ9238J', '2018-11-09', '17:00', 'SDE, NUS', 'NorthPoint');
INSERT INTO rides(c_plate, r_date, r_time, r_origin, r_destination) VALUES('SAA4231A', '2018-11-09', '17:50', 'Suntec City', 'East Coast Park');
INSERT INTO rides(c_plate, r_date, r_time, r_origin, r_destination) VALUES('SGY3461Q', '2018-11-11', '08:00', 'Blk 123 Bukit Batok Ave 4', 'BIZ, NUS');
INSERT INTO rides(c_plate, r_date, r_time, r_origin, r_destination) VALUES('SJQ9238J', '2018-11-12', '10:40', 'Suntec City', 'Bugis Street');
INSERT INTO rides(c_plate, r_date, r_time, r_origin, r_destination) VALUES('SAA4231A', '2018-11-13', '12:15', 'Temasek Hall, NUS', 'VivoCity');
INSERT INTO rides(c_plate, r_date, r_time, r_origin, r_destination) VALUES('SJQ9238J', '2018-11-14', '13:17', 'Lot One', 'West Mall');
INSERT INTO rides(c_plate, r_date, r_time, r_origin, r_destination) VALUES('SHR3298F', '2018-11-15', '14:52', 'Clarke Quay', 'Sentosa Cove');
INSERT INTO rides(c_plate, r_date, r_time, r_origin, r_destination) VALUES('SGY3461Q', '2018-11-18', '06:52', 'NBS, NTU', 'BIZ, NUS');
INSERT INTO rides(c_plate, r_date, r_time, r_origin, r_destination) VALUES('SPV2582D', '2018-11-18', '08:26', 'SIS, SMU', 'COM 1, NUS');
INSERT INTO rides(c_plate, r_date, r_time, r_origin, r_destination) VALUES('SBE6581I', '2018-11-18', '10:43', 'Bugis Street', 'Gardens by the Bay');
INSERT INTO rides(c_plate, r_date, r_time, r_origin, r_destination) VALUES('SGY3461Q', '2018-11-18', '11:34', 'Little India', 'Marina Bay Sands');
INSERT INTO rides(c_plate, r_date, r_time, r_origin, r_destination) VALUES('SJQ9238J', '2018-11-18', '12:14', 'Kallang Wave Mall', 'Blk 234 Woodlands Drive');
INSERT INTO rides(c_plate, r_date, r_time, r_origin, r_destination) VALUES('SPV2582D', '2018-11-18', '13:44', 'Temasek Hall, NUS', 'NUS Bukit Timah Campus');
INSERT INTO rides(c_plate, r_date, r_time, r_origin, r_destination) VALUES('SHR3298F', '2018-11-18', '14:29', 'Star Vista', 'Marina One');
INSERT INTO rides(c_plate, r_date, r_time, r_origin, r_destination) VALUES('SBE6581I', '2018-11-18', '16:11', 'Asia Square', 'Shenton House');
INSERT INTO rides(c_plate, r_date, r_time, r_origin, r_destination) VALUES('SPV2582D', '2018-11-18', '18:00', 'Marina Bay Financial Centre', 'One Raffles Quay');
INSERT INTO rides(c_plate, r_date, r_time, r_origin, r_destination) VALUES('SJQ9238J', '2018-11-18', '20:55', 'NTUC Building', 'Junction 10');
INSERT INTO rides(c_plate, r_date, r_time, r_origin, r_destination) VALUES('SGY3461Q', '2018-11-19', '07:04', 'Beauty World', 'Junction 8');
INSERT INTO rides(c_plate, r_date, r_time, r_origin, r_destination) VALUES('SAA4231A', '2018-11-19', '09:19', 'Bukit Panjang Plaza', 'City Square Mall');
INSERT INTO rides(c_plate, r_date, r_time, r_origin, r_destination) VALUES('SBE6581I', '2018-11-19', '10:38', 'Sunshine Plaza', 'Bugis Plus');
INSERT INTO rides(c_plate, r_date, r_time, r_origin, r_destination) VALUES('SPV2582D', '2018-11-19', '11:16', 'Ngee Ann City', 'Mandarin Gallery');
INSERT INTO rides(c_plate, r_date, r_time, r_origin, r_destination) VALUES('SHR3298F', '2018-11-19', '12:22', 'Star Vista', 'Asia Square');
INSERT INTO rides(c_plate, r_date, r_time, r_origin, r_destination) VALUES('SAA4231A', '2018-11-19', '13:28', 'Suntec City', 'Changi Airport T4');
INSERT INTO rides(c_plate, r_date, r_time, r_origin, r_destination) VALUES('SJQ9238J', '2018-11-19', '14:41', 'Changi Airport T1', 'Seletar Airport');
INSERT INTO rides(c_plate, r_date, r_time, r_origin, r_destination) VALUES('SAA4231A', '2018-11-19', '16:48', 'Lot One', 'Mandai Camp');
INSERT INTO rides(c_plate, r_date, r_time, r_origin, r_destination) VALUES('SBE6581I', '2018-11-19', '19:52', 'Hendon Camp', 'Pasir Ris MRT');
INSERT INTO rides(c_plate, r_date, r_time, r_origin, r_destination) VALUES('SHR3298F', '2018-11-19', '21:11', 'Mandarin Gallery', 'VivoCity');


INSERT INTO bids(r_id, p_email, bid) VALUES('6', 'ivan@gmail.com', '20');
INSERT INTO bids(r_id, p_email, bid) VALUES('8', 'claire@gmail.com', '21');
INSERT INTO bids(r_id, p_email, bid) VALUES('9', 'ivan@gmail.com', '14');
INSERT INTO bids(r_id, p_email, bid) VALUES('10', 'joyce@gmail.com', '10');
INSERT INTO bids(r_id, p_email, bid) VALUES('10', 'ivan@gmail.com', '8');
INSERT INTO bids(r_id, p_email, bid) VALUES('11', 'jack@gmail.com', '9');
INSERT INTO bids(r_id, p_email, bid) VALUES('12', 'ivan@gmail.com', '10');
INSERT INTO bids(r_id, p_email, bid) VALUES('13', 'lilly@gmail.com', '13');
INSERT INTO bids(r_id, p_email, bid) VALUES('14', 'ivan@gmail.com', '13');
INSERT INTO bids(r_id, p_email, bid) VALUES('15', 'bobby@gmail.com', '17');
INSERT INTO bids(r_id, p_email, bid) VALUES('15', 'ivan@gmail.com', '8');
INSERT INTO bids(r_id, p_email, bid) VALUES('18', 'claire@gmail.com', '12');
INSERT INTO bids(r_id, p_email, bid) VALUES('18', 'ivan@gmail.com', '15');
INSERT INTO bids(r_id, p_email, bid) VALUES('20', 'joanna@gmail.com', '6');
INSERT INTO bids(r_id, p_email, bid) VALUES('20', 'ivan@gmail.com', '9');
INSERT INTO bids(r_id, p_email, bid) VALUES('20', 'madeline@gmail.com', '7');
INSERT INTO bids(r_id, p_email, bid) VALUES('22', 'alex@gmail.com', '22');
INSERT INTO bids(r_id, p_email, bid) VALUES('23', 'henry@gmail.com', '19');
INSERT INTO bids(r_id, p_email, bid) VALUES('24', 'jayden@gmail.com', '16');
INSERT INTO bids(r_id, p_email, bid) VALUES('25', 'jamie@gmail.com', '12');
